method,stratified_mean,stratified_std,grouped_mean,grouped_std
template | l1,0.7130,0.0310,0.7007,0.0479
kNN k=1 | l1,0.6280,0.0479,0.6000,0.0418
kNN k=3 | l1,0.6520,0.0483,0.6289,0.0349
kNN k=5 | l1,0.6740,0.0514,0.6550,0.0425
kNN k=10 | l1,0.6970,0.0478,0.6638,0.0323
kNN k=15 | l1,0.6970,0.0358,0.6727,0.0544
template | l2,0.6370,0.0341,0.6237,0.0538
kNN k=1 | l2,0.6000,0.0405,0.5631,0.0426
kNN k=3 | l2,0.6130,0.0471,0.5750,0.0287
kNN k=5 | l2,0.6120,0.0397,0.5920,0.0301
kNN k=10 | l2,0.6390,0.0470,0.6140,0.0400
kNN k=15 | l2,0.6450,0.0367,0.6179,0.0434
template | bhattacharyya,0.7250,0.0314,0.7297,0.0556
kNN k=1 | bhattacharyya,0.6510,0.0418,0.6200,0.0455
kNN k=3 | bhattacharyya,0.6740,0.0490,0.6618,0.0444
kNN k=5 | bhattacharyya,0.6960,0.0415,0.6749,0.0499
kNN k=10 | bhattacharyya,0.7050,0.0463,0.6828,0.0403
kNN k=15 | bhattacharyya,0.7000,0.0346,0.6838,0.0467
